INSERT INTO doctor (personalnumber, name, position)
VALUES
('D1234567890123', 'John Doe', 'Cardiologist'),
('D2234567890123', 'Jane Smith', 'Dermatologist'),
('D3234567890123', 'Robert Johnson', 'Gastroenterologist'),
('D4234567890123', 'Emily Davis', 'Endocrinologist'),
('D5234567890123', 'Michael Miller', 'Neurologist'),
('D6234567890123', 'Sarah Wilson', 'Oncologist'),
('D7234567890123', 'James Moore', 'Ophthalmologist'),
('D8234567890123', 'Patricia Taylor', 'Orthopedic Surgeon'),
('D9234567890123', 'William Anderson', 'Pediatrician'),
('D1034567890123', 'Linda Thomas', 'Psychiatrist'),
('D1134567890123', 'Richard Jackson', 'Radiologist'),
('D1234567890124', 'Jennifer White', 'Rheumatologist'),
('D1334567890123', 'Joseph Harris', 'Urologist'),
('D1434567890123', 'Susan Martin', 'Allergist'),
('D1534567890123', 'Charles Thompson', 'Anesthesiologist'),
('D1634567890123', 'Jessica Garcia', 'Cardiologist'),
('D1734567890123', 'Thomas Martinez', 'Dermatologist'),
('D1834567890123', 'Karen Robinson', 'Endocrinologist'),
('D1934567890123', 'Steven Clark', 'Gastroenterologist'),
('D2034567890123', 'Nancy Rodriguez', 'Neurologist'),
('D2134567890123', 'Mark Lewis', 'Oncologist'),
('D2234567890124', 'Betty Lee', 'Ophthalmologist'),
('D2334567890123', 'Donald Walker', 'Orthopedic Surgeon'),
('D2434567890123', 'Margaret Hall', 'Pediatrician'),
('D2534567890123', 'Andrew Allen', 'Psychiatrist');

INSERT INTO nurse (personalnumber, name, position)
VALUES
('N1234567890123', 'Alice Brown', 'Registered Nurse'),
('N2234567890123', 'Brian Wilson', 'Licensed Practical Nurse'),
('N3234567890123', 'Catherine Johnson', 'Clinical Nurse Specialist'),
('N4234567890123', 'David Smith', 'Nurse Practitioner'),
('N5234567890123', 'Eleanor Davis', 'Registered Nurse'),
('N6234567890123', 'Frank Miller', 'Licensed Practical Nurse'),
('N7234567890123', 'Grace Wilson', 'Clinical Nurse Specialist'),
('N8234567890123', 'Henry Johnson', 'Nurse Practitioner'),
('N9234567890123', 'Irene Smith', 'Registered Nurse'),
('N1034567890123', 'Jack Davis', 'Licensed Practical Nurse'),
('N1134567890123', 'Katherine Miller', 'Clinical Nurse Specialist'),
('N1234567890124', 'Louis Wilson', 'Nurse Practitioner'),
('N1334567890123', 'Marianne Johnson', 'Registered Nurse'),
('N1434567890123', 'Nathan Smith', 'Licensed Practical Nurse'),
('N1534567890123', 'Olivia Davis', 'Clinical Nurse Specialist'),
('N1634567890123', 'Peter Miller', 'Nurse Practitioner'),
('N1734567890123', 'Quincy Wilson', 'Registered Nurse'),
('N1834567890123', 'Rosalind Johnson', 'Licensed Practical Nurse'),
('N1934567890123', 'Samuel Smith', 'Clinical Nurse Specialist'),
('N2034567890123', 'Teresa Davis', 'Nurse Practitioner'),
('N2134567890123', 'Ursula Miller', 'Registered Nurse'),
('N2234567890124', 'Victor Wilson', 'Licensed Practical Nurse'),
('N2334567890123', 'Wendy Johnson', 'Clinical Nurse Specialist'),
('N2434567890123', 'Xavier Smith', 'Nurse Practitioner'),
('N2534567890123', 'Yvonne Davis', 'Registered Nurse'),
('N2634567890123', 'Zachary Miller', 'Licensed Practical Nurse'),
('N2734567890123', 'Amy Wilson', 'Clinical Nurse Specialist'),
('N2834567890123', 'Bernard Johnson', 'Nurse Practitioner'),
('N2934567890123', 'Charlotte Smith', 'Registered Nurse'),
('N3034567890123', 'Dennis Davis', 'Licensed Practical Nurse');

INSERT INTO patient (personalnumber, name, address, phone)
VALUES
('P1234567890123', 'Aaron Thompson', '123 Main St, Minsk', '+375123456789'),
('P2234567890123', 'Beatrice Garcia', '456 Maple Ave, Minsk', '+375234567890'),
('P3234567890123', 'Clarence Martinez', '789 Oak Dr, Minsk', '+375345678901'),
('P4234567890123', 'Deborah Robinson', '321 Pine Ln, Minsk', '+375456789012'),
('P5234567890123', 'Edward Clark', '654 Elm St, Minsk', '+375567890123'),
('P6234567890123', 'Felicity Lewis', '987 Birch Blvd, Minsk', '+375678901234'),
('P7234567890123', 'George Walker', '123 Cherry Ct, Minsk', '+375789012345'),
('P8234567890123', 'Hannah Hall', '456 Dogwood Dr, Minsk', '+375890123456'),
('P9234567890123', 'Isaac Allen', '789 Fir St, Minsk', '+375901234567'),
('P1034567890123', 'Jessica Young', '321 Cedar Ln, Minsk', '+375012345678'),
('P1134567890123', 'Kenneth Hernandez', '654 Pine St, Minsk', '+375123456789'),
('P1234567890124', 'Laura King', '987 Maple Blvd, Minsk', '+375234567890'),
('P1334567890123', 'Maurice Wright', '123 Birch Ct, Minsk', '+375345678901'),
('P1434567890123', 'Natalie Lopez', '456 Fir Dr, Minsk', '+375456789012'),
('P1534567890123', 'Oscar Hill', '789 Cedar St, Minsk', '+375567890123'),
('P1634567890123', 'Penelope Scott', '321 Elm Ln, Minsk', '+375678901234'),
('P1734567890123', 'Quentin Green', '654 Cherry St, Minsk', '+375789012345'),
('P1834567890123', 'Ruth Adams', '987 Dogwood Blvd, Minsk', '+375890123456'),
('P1934567890123', 'Stanley Nelson', '123 Fir Ct, Minsk', '+375901234567'),
('P2034567890123', 'Tiffany Carter', '456 Cedar Dr, Minsk', '+375012345678'),
('P2134567890123', 'Ulysses Mitchell', '789 Elm St, Minsk', '+375123456789'),
('P2234567890124', 'Victoria Perez', '321 Cherry Ln, Minsk', '+375234567890'),
('P2334567890123', 'Walter Roberts', '654 Dogwood St, Minsk', '+375345678901'),
('P2434567890123', 'Xenia Turner', '987 Fir Blvd, Minsk', '+375456789012'),
('P2534567890123', 'Yves Phillips', '123 Cedar Ct, Minsk', '+375567890123'),
('P2634567890123', 'Zara Campbell', '456 Elm Dr, Minsk', '+375678901234'),
('P2734567890123', 'Arthur Stewart', '789 Cherry St, Minsk', '+375789012345'),
('P2834567890123', 'Bianca Reed', '321 Dogwood Ln, Minsk', '+375890123456'),
('P2934567890123', 'Charles Morgan', '654 Fir St, Minsk', '+375901234567'),
('P3034567890123', 'Dorothy Bell', '987 Cedar Blvd, Minsk', '+375012345678');

INSERT INTO department (name, head)
VALUES
('Cardiology', 1),
('Dermatology', 2),
('Gastroenterology', 3),
('Endocrinology', 4),
('Neurology', 5),
('Oncology', 6),
('Ophthalmology', 7),
('Orthopedics', 8),
('Pediatrics', 9),
('Psychiatry', 10);

INSERT INTO affiliation (doctor, department, isaffiliationprimary)
VALUES
(1, 1, TRUE),
(2, 2, TRUE),
(3, 3, TRUE),
(4, 4, TRUE),
(5, 5, TRUE),
(6, 6, TRUE),
(7, 7, TRUE),
(8, 8, TRUE),
(9, 9, TRUE),
(10, 10, TRUE),
(11, 1, TRUE),
(12, 2, TRUE),
(13, 3, TRUE),
(14, 4, TRUE),
(15, 5, TRUE),
(16, 6, TRUE),
(17, 7, TRUE),
(18, 8, TRUE),
(19, 9, TRUE),
(20, 10, TRUE),
(21, 1, TRUE),
(22, 2, TRUE),
(23, 3, TRUE),
(24, 4, TRUE),
(25, 5, TRUE),
(1, 6, FALSE),
(2, 7, FALSE),
(3, 8, FALSE),
(4, 9, FALSE),
(5, 10, FALSE),
(6, 1, FALSE),
(7, 2, FALSE),
(8, 3, FALSE),
(9, 4, FALSE),
(10, 5, FALSE);

INSERT INTO `procedure` (`code`, name, cost)
VALUES
('P01', 'Cardiac Stress Test', 250.00),
('P02', 'Skin Biopsy', 150.00),
('P03', 'Colonoscopy', 1200.00),
('P04', 'Thyroid Function Test', 200.00),
('P05', 'Electroencephalogram (EEG)', 300.00),
('P06', 'Chemotherapy', 5000.00),
('P07', 'Eye Examination', 100.00),
('P08', 'Knee Replacement', 20000.00),
('P09', 'Pediatric Examination', 100.00),
('P10', 'Psychiatric Evaluation', 500.00),
('P11', 'MRI Scan', 1000.00),
('P12', 'Rheumatoid Arthritis Panel', 250.00),
('P13', 'Prostate Examination', 200.00),
('P14', 'Allergy Testing', 200.00),
('P15', 'Anesthesia', 500.00);

INSERT INTO certification (doctor, `procedure`, date_certificationstart, date_certificationend)
VALUES
(1, 1, '2023-01-01', '2024-01-01'),
(2, 2, '2023-02-01', '2024-02-01'),
(3, 3, '2023-03-01', '2024-03-01'),
(4, 4, '2023-04-01', '2024-04-01'),
(5, 5, '2023-05-01', '2024-05-01'),
(6, 6, '2023-06-01', '2024-06-01'),
(7, 7, '2023-07-01', '2024-07-01'),
(8, 8, '2023-08-01', '2024-08-01'),
(9, 9, '2023-09-01', '2024-09-01'),
(10, 10, '2023-10-01', '2024-10-01'),
(11, 1, '2023-11-01', '2024-11-01'),
(12, 2, '2023-12-01', '2024-12-01'),
(13, 3, '2023-01-15', '2024-01-15'),
(14, 4, '2023-02-15', '2024-02-15'),
(15, 5, '2023-03-15', '2024-03-15'),
(16, 6, '2023-04-15', '2024-04-15'),
(17, 7, '2023-05-15', '2024-05-15'),
(18, 8, '2023-06-15', '2024-06-15'),
(19, 9, '2023-07-15', '2024-07-15'),
(20, 10, '2023-08-15', '2024-08-15'),
(21, 1, '2023-09-15', '2024-09-15'),
(22, 2, '2023-10-15', '2024-10-15'),
(23, 3, '2023-11-15', '2024-11-15'),
(24, 4, '2023-12-15', '2024-12-15'),
(25, 5, '2023-01-30', '2024-01-30'),
(1, 6, '2023-02-28', '2024-02-28'),
(2, 7, '2023-03-30', '2024-03-30'),
(3, 8, '2023-04-30', '2024-04-30'),
(4, 9, '2023-05-30', '2024-05-30'),
(5, 10, '2023-06-30', '2024-06-30');

INSERT INTO medication (`code`, name, brand, description)
VALUES
('M01', 'Aspirin', 'Bayer', 'Used to treat pain, fever, or inflammation'),
('M02', 'Paracetamol', 'Tylenol', 'Used to treat many conditions such as headache, muscle aches, arthritis, backache, toothaches, colds, and fevers'),
('M03', 'Ibuprofen', 'Advil', 'Used to relieve pain from various conditions such as headache, dental pain, menstrual cramps, muscle aches, or arthritis'),
('M04', 'Amoxicillin', 'Amoxil', 'Used to treat a wide variety of bacterial infections'),
('M05', 'Azithromycin', 'Zithromax', 'Used to treat a wide variety of bacterial infections'),
('M06', 'Ciprofloxacin', 'Cipro', 'Used to treat a variety of bacterial infections'),
('M07', 'Clindamycin', 'Cleocin', 'Used to treat a wide variety of bacterial infections'),
('M08', 'Metronidazole', 'Flagyl', 'Used to treat a variety of infections caused by certain types of bacteria'),
('M09', 'Cephalexin', 'Keflex', 'Used to treat a wide variety of bacterial infections'),
('M10', 'Doxycycline', 'Vibramycin', 'Used to treat a wide variety of bacterial infections'),
('M11', 'Fluconazole', 'Diflucan', 'Used to treat and prevent a variety of fungal and yeast infections'),
('M12', 'Miconazole', 'Monistat', 'Used to treat skin infections such as athlete\'s foot, jock itch, ringworm, and other fungal skin infections'),
('M13', 'Terbinafine', 'Lamisil', 'Used to treat certain types of fungal infections'),
('M14', 'Ketoconazole', 'Nizoral', 'Used to treat certain serious fungal infections in the body'),
('M15', 'Amphotericin B', 'Fungizone', 'Used to treat a variety of serious fungal infections'),
('M16', 'Caprylic Acid', 'Caprysin', 'Used to treat skin infections caused by yeast'),
('M17', 'Pau D\'Arco', 'Tabebuia Avellanedae', 'Used for various infections including yeast infections'),
('M18', 'Grapefruit Seed Extract', 'Citrocidal', 'Used for various infections including yeast infections'),
('M19', 'Undecylenic Acid', 'Desenex', 'Used to treat fungal infections of the skin'),
('M20', 'Berberine', 'Goldenseal', 'Used for various infections including yeast infections'),
('M21', 'Betaine Hydrochloride', 'Acidol', 'Used to treat hypochlorhydria and fungal infections'),
('M22', 'Potassium Sorbate', 'Sorbistat', 'Used to inhibit molds and yeasts'),
('M23', 'Sodium Caprylate', 'Caprylicin', 'Used to treat candidiasis and other infections'),
('M24', 'Biotin', 'Vitamin B7', 'Used to prevent and treat biotin deficiency associated with pregnancy, long-term tube feeding, malnutrition, and rapid weight loss'),
('M25', 'Calcium Undecylenate', 'Cal-Undec', 'Used to treat fungal infections of the skin'),
('M26', 'Folic Acid', 'Vitamin B9', 'Used to treat or prevent low folate levels'),
('M27', 'Lactobacillus Acidophilus', 'Acidophilus', 'Used to treat and prevent diarrhea, including infectious types such as rotaviral diarrhea in children and traveler\'s diarrhea'),
('M28', 'Vitamin A', 'Retinol', 'Used to treat vitamin A deficiency'),
('M29', 'Vitamin C', 'Ascorbic Acid', 'Used to treat and prevent vitamin C deficiency'),
('M30', 'Zinc', 'Galzin', 'Used to treat and to prevent zinc deficiency');

INSERT INTO appointment (patient, doctor, nurse, dt_time_start, dt_time_end, examinationroom)
VALUES
('P1234567890123', 1, 1, '2023-01-01 09:00:00', '2023-01-01 10:00:00', 'Room 101'),
('P2234567890123', 2, 2, '2023-01-01 10:00:00', '2023-01-01 11:00:00', 'Room 102'),
('P3234567890123', 3, 3, '2023-01-01 11:00:00', '2023-01-01 12:00:00', 'Room 103'),
('P4234567890123', 4, 4, '2023-01-02 09:00:00', '2023-01-02 10:00:00', 'Room 104'),
('P5234567890123', 5, 5, '2023-01-02 10:00:00', '2023-01-02 11:00:00', 'Room 105'),
('P6234567890123', 6, 6, '2023-01-02 11:00:00', '2023-01-02 12:00:00', 'Room 106'),
('P7234567890123', 7, 7, '2023-01-03 09:00:00', '2023-01-03 10:00:00', 'Room 107'),
('P8234567890123', 8, 8, '2023-01-03 10:00:00', '2023-01-03 11:00:00', 'Room 108'),
('P9234567890123', 9, 9, '2023-01-03 11:00:00', '2023-01-03 12:00:00', 'Room 109'),
('P1034567890123', 10, 10, '2023-01-04 09:00:00', '2023-01-04 10:00:00', 'Room 110'),
('P1134567890123', 11, 11, '2023-01-04 10:00:00', '2023-01-04 11:00:00', 'Room 111'),
('P1234567890124', 12, 12, '2023-01-04 11:00:00', '2023-01-04 12:00:00', 'Room 112'),
('P1334567890123', 13, 13, '2023-01-05 09:00:00', '2023-01-05 10:00:00', 'Room 113'),
('P1434567890123', 14, 14, '2023-01-05 10:00:00', '2023-01-05 11:00:00', 'Room 114'),
('P1534567890123', 15, 15, '2023-01-05 11:00:00', '2023-01-05 12:00:00', 'Room 115'),
('P1634567890123', 16, 16, '2023-01-06 09:00:00', '2023-01-06 10:00:00', 'Room 116'),
('P1734567890123', 17, 17, '2023-01-06 10:00:00', '2023-01-06 11:00:00', 'Room 117'),
('P1834567890123', 18, 18, '2023-01-06 11:00:00', '2023-01-06 12:00:00', 'Room 118'),
('P1934567890123', 19, 19, '2023-01-07 09:00:00', '2023-01-07 10:00:00', 'Room 119'),
('P2034567890123', 20, 20, '2023-01-07 10:00:00', '2023-01-07 11:00:00', 'Room 120'),
('P2134567890123', 21, 21, '2023-01-07 11:00:00', '2023-01-07 12:00:00', 'Room 121'),
('P2234567890124', 22, 22, '2023-01-08 09:00:00', '2023-01-08 10:00:00', 'Room 122'),
('P2334567890123', 23, 23, '2023-01-08 10:00:00', '2023-01-08 11:00:00', 'Room 123');

INSERT INTO diagnosis (`code`, name, description)
VALUES
('D01', 'Hypertension', 'A condition in which the force of the blood against the artery walls is too high'),
('D02', 'Diabetes', 'A disease that occurs when your blood glucose, also called blood sugar, is too high'),
('D03', 'Asthma', 'A condition in which your airways narrow and swell and produce extra mucus'),
('D04', 'Depression', 'A mood disorder that causes a persistent feeling of sadness and loss of interest'),
('D05', 'Anxiety', 'A mental health disorder characterized by feelings of worry or fear'),
('D06', 'Arthritis', 'Inflammation of one or more of your joints'),
('D07', 'Heart Disease', 'A range of conditions that affect your heart'),
('D08', 'Allergies', 'The body\'s immune system reacts abnormally to a foreign substance'),
('D09', 'Obesity', 'A complex disease involving an excessive amount of body fat'),
('D10', 'Cancer', 'A group of diseases involving abnormal cell growth with the potential to invade or spread to other parts of the body'),
('D11', 'Influenza', 'A viral infection that attacks your respiratory system'),
('D12', 'Pneumonia', 'Infection that inflames air sacs in one or both lungs'),
('D13', 'Tuberculosis', 'A serious infectious disease that mainly affects your lungs'),
('D14', 'Hepatitis', 'An inflammation of the liver'),
('D15', 'HIV/AIDS', 'A chronic, potentially life-threatening condition caused by the human immunodeficiency virus (HIV)');

INSERT INTO patient_diagnosis (patient, diagnosis, date_diagnosed)
VALUES
('P1234567890123', 1, '2023-01-01'),
('P2234567890123', 2, '2023-01-02'),
('P3234567890123', 3, '2023-01-03'),
('P4234567890123', 4, '2023-01-04'),
('P5234567890123', 5, '2023-01-05'),
('P6234567890123', 6, '2023-01-06'),
('P7234567890123', 7, '2023-01-07'),
('P8234567890123', 8, '2023-01-08'),
('P9234567890123', 9, '2023-01-09'),
('P1034567890123', 10, '2023-01-10'),
('P1134567890123', 11, '2023-01-11'),
('P1234567890124', 12, '2023-01-12'),
('P1334567890123', 13, '2023-01-13'),
('P1434567890123', 14, '2023-01-14'),
('P1534567890123', 15, '2023-01-15'),
('P1634567890123', 1, '2023-01-16'),
('P1734567890123', 2, '2023-01-17'),
('P1834567890123', 3, '2023-01-18'),
('P1934567890123', 4, '2023-01-19'),
('P2034567890123', 5, '2023-01-20'),
('P2134567890123', 6, '2023-01-21'),
('P2234567890124', 7, '2023-01-22'),
('P2334567890123', 8, '2023-01-23'),
('P2434567890123', 9, '2023-01-24'),
('P2534567890123', 10, '2023-01-25'),
('P2634567890123', 11, '2023-01-26'),
('P2734567890123', 12, '2023-01-27'),
('P2834567890123', 13, '2023-01-28'),
('P2934567890123', 14, '2023-01-29'),
('P3034567890123', 15, '2023-01-30');

INSERT INTO allergy (`code`, name, description)
VALUES
('A01', 'Peanut Allergy', 'An allergic reaction to peanuts, a type of food allergy'),
('A02', 'Milk Allergy', 'An abnormal response by the body\'s immune system to milk and products containing milk'),
('A03', 'Egg Allergy', 'An immune system overreaction that occurs soon after eating eggs'),
('A04', 'Fish Allergy', 'An immune response to proteins found in certain species of fish'),
('A05', 'Shellfish Allergy', 'An abnormal response by the body\'s immune system to proteins in certain marine animals'),
('A06', 'Tree Nut Allergy', 'One of the most common food allergies, especially in children and adults'),
('A07', 'Wheat Allergy', 'An allergic reaction to foods containing wheat'),
('A08', 'Soy Allergy', 'An immune system response to soy protein that the body mistakenly believes is harmful'),
('A09', 'Sesame Allergy', 'An immune response to sesame seeds and sesame oil'),
('A10', 'Mustard Allergy', 'An allergic reaction that occurs soon after exposure to mustard'),
('A11', 'Sulfite Sensitivity', 'People with sulfite sensitivity experience similar reactions caused by the ingestion of sulfites'),
('A12', 'Gluten Intolerance', 'A condition which leads to adverse reactions to gluten, a protein found in wheat, barley and rye'),
('A13', 'Lactose Intolerance', 'A digestive disorder caused by the inability to digest lactose, the main carbohydrate in dairy products'),
('A14', 'Fructose Intolerance', 'A condition that affects a person\'s ability to digest fructose and fructans'),
('A15', 'Histamine Intolerance', 'A condition that affects a person\'s ability to metabolize histamine');

INSERT INTO patient_allergy (patient, allergy, date_diagnosed)
VALUES
('P1234567890123', 1, '2023-01-01'),
('P2234567890123', 2, '2023-01-02'),
('P3234567890123', 3, '2023-01-03'),
('P4234567890123', 4, '2023-01-04'),
('P5234567890123', 5, '2023-01-05'),
('P6234567890123', 6, '2023-01-06'),
('P7234567890123', 7, '2023-01-07'),
('P8234567890123', 8, '2023-01-08'),
('P9234567890123', 9, '2023-01-09'),
('P1034567890123', 10, '2023-01-10'),
('P1134567890123', 11, '2023-01-11'),
('P1234567890124', 12, '2023-01-12'),
('P1334567890123', 13, '2023-01-13'),
('P1434567890123', 14, '2023-01-14'),
('P1534567890123', 15, '2023-01-15'),
('P1634567890123', 1, '2023-01-16'),
('P1734567890123', 2, '2023-01-17'),
('P1834567890123', 3, '2023-01-18'),
('P1934567890123', 4, '2023-01-19'),
('P2034567890123', 5, '2023-01-20'),
('P2134567890123', 6, '2023-01-21'),
('P2234567890124', 7, '2023-01-22'),
('P2334567890123', 8, '2023-01-23'),
('P2434567890123', 9, '2023-01-24'),
('P2534567890123', 10, '2023-01-25'),
('P2634567890123', 11, '2023-01-26'),
('P2734567890123', 12, '2023-01-27'),
('P2834567890123', 13, '2023-01-28'),
('P2934567890123', 14, '2023-01-29'),
('P3034567890123', 15, '2023-01-30');

INSERT INTO prescription (doctor, patient, medication, date, description)
VALUES
(1, 'P1234567890123', 1, '2023-01-01', 'Take one tablet daily'),
(2, 'P2234567890123', 2, '2023-01-02', 'Apply to the affected area twice daily'),
(3, 'P3234567890123', 3, '2023-01-03', 'Take one tablet every 4-6 hours as needed for pain'),
(4, 'P4234567890123', 4, '2023-01-04', 'Take one tablet daily'),
(5, 'P5234567890123', 5, '2023-01-05', 'Apply to the affected area twice daily'),
(6, 'P6234567890123', 6, '2023-01-06', 'Take one tablet every 4-6 hours as needed for pain'),
(7, 'P7234567890123', 7, '2023-01-07', 'Take one tablet daily'),
(8, 'P8234567890123', 8, '2023-01-08', 'Apply to the affected area twice daily'),
(9, 'P9234567890123', 9, '2023-01-09', 'Take one tablet every 4-6 hours as needed for pain'),
(10, 'P1034567890123', 10, '2023-01-10', 'Take one tablet daily'),
(11, 'P1134567890123', 11, '2023-01-11', 'Apply to the affected area twice daily'),
(12, 'P1234567890124', 12, '2023-01-12', 'Take one tablet every 4-6 hours as needed for pain'),
(13, 'P1334567890123', 13, '2023-01-13', 'Take one tablet daily'),
(14, 'P1434567890123', 14, '2023-01-14', 'Apply to the affected area twice daily'),
(15, 'P1534567890123', 15, '2023-01-15', 'Take one tablet every 4-6 hours as needed for pain'),
(16, 'P1634567890123', 16, '2023-01-16', 'Take one tablet daily'),
(17, 'P1734567890123', 17, '2023-01-17', 'Apply to the affected area twice daily'),
(18, 'P1834567890123', 18, '2023-01-18', 'Take one tablet every 4-6 hours as needed for pain'),
(19, 'P1934567890123', 19, '2023-01-19', 'Take one tablet daily'),
(20, 'P2034567890123', 20, '2023-01-20', 'Apply to the affected area twice daily');

INSERT INTO block (blockletter, floor)
VALUES
('A', 1),
('A', 2),
('B', 1),
('B', 2),
('C', 1),
('C', 2),
('D', 1),
('D', 2),
('E', 1),
('E', 2);

INSERT INTO room (roomnumber, roomtype, block, isavailable)
VALUES
('101', 'Single', 1, TRUE),
('102', 'Double', 1, TRUE),
('103', 'Single', 1, TRUE),
('104', 'Double', 2, TRUE),
('105', 'Single', 2, TRUE),
('106', 'Double', 2, TRUE),
('107', 'Single', 3, TRUE),
('108', 'Double', 3, TRUE),
('109', 'Single', 3, TRUE),
('110', 'Double', 4, TRUE),
('111', 'Single', 4, TRUE),
('112', 'Double', 4, TRUE),
('113', 'Single', 5, TRUE),
('114', 'Double', 5, TRUE),
('115', 'Single', 5, TRUE),
('116', 'Double', 6, TRUE),
('117', 'Single', 6, TRUE),
('118', 'Double', 6, TRUE),
('119', 'Single', 7, TRUE),
('120', 'Double', 7, TRUE),
('121', 'Single', 7, TRUE),
('122', 'Double', 8, TRUE),
('123', 'Single', 8, TRUE),
('124', 'Double', 8, TRUE),
('125', 'Single', 9, TRUE),
('126', 'Double', 9, TRUE),
('127', 'Single', 9, TRUE),
('128', 'Double', 10, TRUE),
('129', 'Single', 10, TRUE),
('130', 'Double', 10, TRUE);

INSERT INTO duty (nurse, block, dt_time_start, dt_time_end)
VALUES
(1, 1, '2023-01-01 08:00:00', '2023-01-01 20:00:00'),
(2, 2, '2023-01-02 08:00:00', '2023-01-02 20:00:00'),
(3, 3, '2023-01-03 08:00:00', '2023-01-03 20:00:00'),
(4, 4, '2023-01-04 08:00:00', '2023-01-04 20:00:00'),
(5, 5, '2023-01-05 08:00:00', '2023-01-05 20:00:00'),
(6, 6, '2023-01-06 08:00:00', '2023-01-06 20:00:00'),
(7, 7, '2023-01-07 08:00:00', '2023-01-07 20:00:00'),
(8, 8, '2023-01-08 08:00:00', '2023-01-08 20:00:00'),
(9, 9, '2023-01-09 08:00:00', '2023-01-09 20:00:00'),
(10, 10, '2023-01-10 08:00:00', '2023-01-10 20:00:00'),
(11, 1, '2023-01-11 08:00:00', '2023-01-11 20:00:00'),
(12, 2, '2023-01-12 08:00:00', '2023-01-12 20:00:00'),
(13, 3, '2023-01-13 08:00:00', '2023-01-13 20:00:00'),
(14, 4, '2023-01-14 08:00:00', '2023-01-14 20:00:00'),
(15, 5, '2023-01-15 08:00:00', '2023-01-15 20:00:00'),
(16, 6, '2023-01-16 08:00:00', '2023-01-16 20:00:00'),
(17, 7, '2023-01-17 08:00:00', '2023-01-17 20:00:00'),
(18, 8, '2023-01-18 08:00:00', '2023-01-18 20:00:00'),
(19, 9, '2023-01-19 08:00:00', '2023-01-19 20:00:00'),
(20, 10, '2023-01-20 08:00:00', '2023-01-20 20:00:00');

INSERT INTO hospitalization (patient, room, dt_time_start, dt_time_end)
VALUES
('P1234567890123', '101', '2023-01-01 10:00:00', '2023-01-01 18:00:00'),
('P2234567890123', '102', '2023-01-02 10:00:00', '2023-01-02 18:00:00'),
('P3234567890123', '103', '2023-01-03 10:00:00', '2023-01-03 18:00:00'),
('P4234567890123', '104', '2023-01-04 10:00:00', '2023-01-04 18:00:00'),
('P5234567890123', '105', '2023-01-05 10:00:00', '2023-01-05 18:00:00'),
('P6234567890123', '106', '2023-01-06 10:00:00', '2023-01-06 18:00:00'),
('P7234567890123', '107', '2023-01-07 10:00:00', '2023-01-07 18:00:00'),
('P8234567890123', '108', '2023-01-08 10:00:00', '2023-01-08 18:00:00'),
('P9234567890123', '109', '2023-01-09 10:00:00', '2023-01-09 18:00:00'),
('P1034567890123', '110', '2023-01-10 10:00:00', '2023-01-10 18:00:00'),
('P1134567890123', '111', '2023-01-11 10:00:00', '2023-01-11 18:00:00'),
('P1234567890124', '112', '2023-01-12 10:00:00', '2023-01-12 18:00:00'),
('P1334567890123', '113', '2023-01-13 10:00:00', '2023-01-13 18:00:00'),
('P1434567890123', '114', '2023-01-14 10:00:00', '2023-01-14 18:00:00'),
('P1534567890123', '115', '2023-01-15 10:00:00', '2023-01-15 18:00:00'),
('P1634567890123', '116', '2023-01-16 10:00:00', '2023-01-16 18:00:00'),
('P1734567890123', '117', '2023-01-17 10:00:00', '2023-01-17 18:00:00'),
('P1834567890123', '118', '2023-01-18 10:00:00', '2023-01-18 18:00:00'),
('P1934567890123', '119', '2023-01-19 10:00:00', '2023-01-19 18:00:00'),
('P2034567890123', '120', '2023-01-20 10:00:00', '2023-01-20 18:00:00');

INSERT INTO treatment (patient, doctor, nurse, `procedure`, hospitalization, date)
VALUES
('P1234567890123', 1, 1, 1, 1, '2023-01-01'),
('P2234567890123', 2, 2, 2, 2, '2023-01-02'),
('P3234567890123', 3, 3, 3, 3, '2023-01-03'),
('P4234567890123', 4, 4, 4, 4, '2023-01-04'),
('P5234567890123', 5, 5, 5, 5, '2023-01-05'),
('P6234567890123', 6, 6, 6, 6, '2023-01-06'),
('P7234567890123', 7, 7, 7, 7, '2023-01-07'),
('P8234567890123', 8, 8, 8, 8, '2023-01-08'),
('P9234567890123', 9, 9, 9, 9, '2023-01-09'),
('P1034567890123', 10, 10, 10, 10, '2023-01-10'),
('P1134567890123', 11, 11, 11, 11, '2023-01-11'),
('P1234567890124', 12, 12, 12, 12, '2023-01-12'),
('P1334567890123', 13, 13, 13, 13, '2023-01-13'),
('P1434567890123', 14, 14, 14, 14, '2023-01-14'),
('P1534567890123', 15, 15, 15, 15, '2023-01-15'),
('P1634567890123', 16, 16, 1, 16, '2023-01-16'),
('P1734567890123', 17, 17, 2, 17, '2023-01-17'),
('P1834567890123', 18, 18, 3, 18, '2023-01-18'),
('P1934567890123', 19, 19, 4, 19, '2023-01-19'),
('P2034567890123', 20, 20, 5, 20, '2023-01-20');

INSERT INTO bill (patient, date_issued, total_cost)
VALUES
('P1234567890123', '2023-01-01', 100.00),
('P2234567890123', '2023-01-02', 200.00),
('P3234567890123', '2023-01-03', 300.00),
('P4234567890123', '2023-01-04', 400.00),
('P5234567890123', '2023-01-05', 500.00),
('P6234567890123', '2023-01-06', 600.00),
('P7234567890123', '2023-01-07', 700.00),
('P8234567890123', '2023-01-08', 800.00),
('P9234567890123', '2023-01-09', 900.00),
('P1034567890123', '2023-01-10', 1000.00);

INSERT INTO payment (bill, date_paid, amount)
VALUES
(1, '2023-01-02', 100.00),
(2, '2023-01-03', 200.00),
(3, '2023-01-04', 300.00),
(4, '2023-01-05', 400.00),
(5, '2023-01-06', 500.00),
(6, '2023-01-07', 600.00),
(7, '2023-01-08', 700.00),
(8, '2023-01-09', 800.00),
(9, '2023-01-10', 900.00),
(10, '2023-01-11', 1000.00),
(1, '2023-01-12', 100.00),
(2, '2023-01-13', 200.00),
(3, '2023-01-14', 300.00),
(4, '2023-01-15', 400.00),
(5, '2023-01-16', 500.00);
